tsec,tnsec,seqNo,id,type,side,bid0,bid1,bid2,bid3,bid4,bid_size0,bid_size1,bid_size2,bid_size3,bid_size4,ask0,ask1,ask2,ask3,ask4,ask_size0,ask_size1,ask_size2,ask_size3,ask_size4
1791339072,574847400,1,1747767917,S,N,8409169000000,8409168000000,8409128000000,8409038000000,8409036000000,305560000,6000,8000,14000,14000,8409170000000,8409171000000,8409182000000,8409240000000,8409306000000,185217000,56000,8000,6000,6000
1791339072,575568800,2,1747767917,D,N,8409169000000,8409168000000,8409128000000,8409038000000,8409036000000,305560000,6000,8000,14000,14000,8409170000000,8409171000000,8409182000000,8409240000000,8409306000000,185217000,56000,8000,6000,6000
1791339072,702658900,3,1747767917,S,N,8409169000000,8409168000000,8409128000000,8409036000000,8409035000000,102197000,55000,8000,14000,29738000,8409170000000,8409182000000,8409240000000,8409261000000,8409262000000,241877000,8000,12000,14000,2757000
1791339072,702961400,4,1747767917,D,N,8409169000000,8409168000000,8409128000000,8409036000000,8409035000000,102197000,55000,8000,14000,29738000,8409170000000,8409182000000,8409240000000,8409261000000,8409262000000,241877000,8000,12000,14000,2757000
1791339072,776494300,5,1747767917,S,N,8409169000000,8409168000000,8409128000000,8409036000000,8409035000000,70716000,55000,8000,14000,29738000,8409170000000,8409171000000,8409182000000,8409240000000,8409261000000,341266000,42000,8000,12000,14000
1791339072,776741600,6,1747767917,D,N,8409169000000,8409168000000,8409128000000,8409036000000,8409035000000,70716000,55000,8000,14000,29738000,8409170000000,8409171000000,8409182000000,8409240000000,8409261000000,341266000,42000,8000,12000,14000
1791339072,874015100,7,1747767917,S,N,8409169000000,8409168000000,8409128000000,8409036000000,8409034000000,62317000,48000,8000,14000,1278000,8409170000000,8409171000000,8409182000000,8409240000000,8409261000000,341203000,42000,8000,12000,14000
1791339072,874173200,8,1747767917,D,N,8409169000000,8409168000000,8409128000000,8409036000000,8409034000000,62317000,48000,8000,14000,1278000,8409170000000,8409171000000,8409182000000,8409240000000,8409261000000,341203000,42000,8000,12000,14000
1791339072,974360400,9,1747767917,S,N,8409169000000,8409168000000,8409128000000,8409035000000,8409034000000,4294000,49000,8000,14000,1272000,8409170000000,8409182000000,8409240000000,8409262000000,8409263000000,286818000,8000,12000,11444000,2914000
1791339072,974620500,10,1747767917,D,N,8409169000000,8409168000000,8409128000000,8409035000000,8409034000000,4294000,49000,8000,14000,1272000,8409170000000,8409182000000,8409240000000,8409262000000,8409263000000,286818000,8000,12000,11444000,2914000
1791339073,103050000,11,1747767917,S,N,8409169000000,8409168000000,8409128000000,8409035000000,8409034000000,33640000,49000,8000,14000,1272000,8409170000000,8409182000000,8409240000000,8409261000000,8409262000000,348532000,8000,12000,14000,11458000
1791339073,103179100,12,1747767917,D,N,8409169000000,8409168000000,8409128000000,8409035000000,8409034000000,33640000,49000,8000,14000,1272000,8409170000000,8409182000000,8409240000000,8409261000000,8409262000000,348532000,8000,12000,14000,11458000
1791339073,174344700,13,1747767917,S,N,8409169000000,8409168000000,8409128000000,8409035000000,8409034000000,33673000,42000,8000,14000,1272000,8409170000000,8409182000000,8409240000000,8409261000000,8409262000000,348497000,8000,6000,14000,2757000
1791339073,174520500,14,1747767917,D,N,8409169000000,8409168000000,8409128000000,8409035000000,8409034000000,33673000,42000,8000,14000,1272000,8409170000000,8409182000000,8409240000000,8409261000000,8409262000000,348497000,8000,6000,14000,2757000
1791339073,273861500,15,1747767917,S,N,8409169000000,8409168000000,8409128000000,8409035000000,8409034000000,17862000,42000,8000,14000,1272000,8409170000000,8409182000000,8409240000000,8409261000000,8409262000000,348497000,8000,12000,14000,11975000
1791339073,274046900,16,1747767917,D,N,8409169000000,8409168000000,8409128000000,8409035000000,8409034000000,17862000,42000,8000,14000,1272000,8409170000000,8409182000000,8409240000000,8409261000000,8409262000000,348497000,8000,12000,14000,11975000
1791339073,373285900,17,1747767917,S,N,8409169000000,8409168000000,8409128000000,8409035000000,8409034000000,17582000,35000,8000,14000,1272000,8409170000000,8409182000000,8409240000000,8409261000000,8409262000000,352484000,8000,12000,14000,2757000
1791339073,373500300,18,1747767917,D,N,8409169000000,8409168000000,8409128000000,8409035000000,8409034000000,17582000,35000,8000,14000,1272000,8409170000000,8409182000000,8409240000000,8409261000000,8409262000000,352484000,8000,12000,14000,2757000
1791339073,474024000,19,1747767917,S,N,8409169000000,8409168000000,8409128000000,8409035000000,8409034000000,17576000,35000,8000,14000,1272000,8409170000000,8409182000000,8409240000000,8409261000000,8409262000000,352271000,8000,12000,14000,2757000
1791339073,474231500,20,1747767917,D,N,8409169000000,8409168000000,8409128000000,8409035000000,8409034000000,17576000,35000,8000,14000,1272000,8409170000000,8409182000000,8409240000000,8409261000000,8409262000000,352271000,8000,12000,14000,2757000
1791339073,573427100,21,1747767917,S,N,8409169000000,8409168000000,8409128000000,8409035000000,8409034000000,17576000,35000,8000,14000,1272000,8409170000000,8409182000000,8409240000000,8409261000000,8409262000000,352296000,8000,12000,14000,2757000
1791339073,575021000,22,1747767917,D,N,8409169000000,8409168000000,8409128000000,8409035000000,8409034000000,17576000,35000,8000,14000,1272000,8409170000000,8409182000000,8409240000000,8409261000000,8409262000000,352296000,8000,12000,14000,2757000
1791339073,675536200,23,1747767917,S,N,8409169000000,8409168000000,8409128000000,8409035000000,8409034000000,17575000,35000,8000,14000,1272000,8409170000000,8409182000000,8409240000000,8409261000000,8409262000000,352290000,8000,12000,14000,2757000
1791339073,675738500,24,1747767917,D,N,8409169000000,8409168000000,8409128000000,8409035000000,8409034000000,17575000,35000,8000,14000,1272000,8409170000000,8409182000000,8409240000000,8409261000000,8409262000000,352290000,8000,12000,14000,2757000
1791339073,774478600,25,1747767917,S,N,8409169000000,8409168000000,8409128000000,8409035000000,8409034000000,17581000,35000,8000,14000,1272000,8409170000000,8409182000000,8409240000000,8409261000000,8409262000000,352186000,8000,12000,14000,11452000
1791339073,774689500,26,1747767917,D,N,8409169000000,8409168000000,8409128000000,8409035000000,8409034000000,17581000,35000,8000,14000,1272000,8409170000000,8409182000000,8409240000000,8409261000000,8409262000000,352186000,8000,12000,14000,11452000
1791339073,874405400,27,1747767917,S,N,8409169000000,8409168000000,8409128000000,8409035000000,8409034000000,3971000,35000,8000,14000,1272000,8409170000000,8409182000000,8409240000000,8409262000000,8409263000000,377446000,8000,12000,11438000,2914000
1791339073,874592700,28,1747767917,D,N,8409169000000,8409168000000,8409128000000,8409035000000,8409034000000,3971000,35000,8000,14000,1272000,8409170000000,8409182000000,8409240000000,8409262000000,8409263000000,377446000,8000,12000,11438000,2914000
1791339073,975745000,29,1747767917,S,N,8409169000000,8409168000000,8409128000000,8409035000000,8409034000000,17174000,35000,8000,14000,1272000,8409170000000,8409182000000,8409240000000,8409262000000,8409263000000,377341000,8000,12000,11438000,2914000
1791339073,976101100,30,1747767917,D,N,8409169000000,8409168000000,8409128000000,8409035000000,8409034000000,17174000,35000,8000,14000,1272000,8409170000000,8409182000000,8409240000000,8409262000000,8409263000000,377341000,8000,12000,11438000,2914000
1791339074,79751200,31,1747767917,S,N,8409169000000,8409168000000,8409128000000,8409035000000,8409034000000,34719000,35000,8000,14000,1272000,8409170000000,8409182000000,8409240000000,8409261000000,8409262000000,351855000,8000,12000,14000,11452000
1791339074,80156800,32,1747767917,D,N,8409169000000,8409168000000,8409128000000,8409035000000,8409034000000,34719000,35000,8000,14000,1272000,8409170000000,8409182000000,8409240000000,8409261000000,8409262000000,351855000,8000,12000,14000,11452000
1791339074,175062300,33,1747767917,S,N,8409169000000,8409168000000,8409128000000,8409035000000,8409034000000,34792000,28000,8000,14000,1272000,8409170000000,8409182000000,8409240000000,8409261000000,8409262000000,350976000,8000,12000,14000,11452000
1791339074,175274400,34,1747767917,D,N,8409169000000,8409168000000,8409128000000,8409035000000,8409034000000,34792000,28000,8000,14000,1272000,8409170000000,8409182000000,8409240000000,8409261000000,8409262000000,350976000,8000,12000,14000,11452000
1791339074,274261600,35,1747767917,S,N,8409169000000,8409168000000,8409128000000,8409035000000,8409034000000,22797000,42000,8000,14000,1272000,8409170000000,8409182000000,8409240000000,8409261000000,8409262000000,350982000,8000,12000,14000,11452000
1791339074,274476900,36,1747767917,D,N,8409169000000,8409168000000,8409128000000,8409035000000,8409034000000,22797000,42000,8000,14000,1272000,8409170000000,8409182000000,8409240000000,8409261000000,8409262000000,350982000,8000,12000,14000,11452000
1791339074,379984800,37,1747767917,S,N,8409169000000,8409168000000,8409128000000,8409035000000,8409034000000,36384000,42000,8000,14000,1272000,8409170000000,8409182000000,8409228000000,8409240000000,8409261000000,346982000,8000,4000000,12000,14000
1791339074,380190700,38,1747767917,D,N,8409169000000,8409168000000,8409128000000,8409035000000,8409034000000,36384000,42000,8000,14000,1272000,8409170000000,8409182000000,8409228000000,8409240000000,8409261000000,346982000,8000,4000000,12000,14000
1791339074,474169600,39,1747767917,S,N,8409169000000,8409168000000,8409128000000,8409035000000,8409034000000,36390000,42000,8000,14000,1272000,8409170000000,8409182000000,8409227000000,8409228000000,8409240000000,346982000,8000,14000,4000000,12000
1791339074,474340300,40,1747767917,D,N,8409169000000,8409168000000,8409128000000,8409035000000,8409034000000,36390000,42000,8000,14000,1272000,8409170000000,8409182000000,8409227000000,8409228000000,8409240000000,346982000,8000,14000,4000000,12000
1791339074,574446800,41,1747767917,S,N,8409169000000,8409168000000,8409128000000,8409035000000,8409034000000,35203000,49000,8000,14000,1272000,8409170000000,8409182000000,8409227000000,8409228000000,8409240000000,400522000,8000,14000,4000000,12000
1791339074,574649400,42,1747767917,D,N,8409169000000,8409168000000,8409128000000,8409035000000,8409034000000,35203000,49000,8000,14000,1272000,8409170000000,8409182000000,8409227000000,8409228000000,8409240000000,400522000,8000,14000,4000000,12000
1791339074,676258300,43,1747767917,S,N,8409169000000,8409168000000,8409128000000,8409035000000,8409034000000,3388000,49000,8000,14000,1272000,8409170000000,8409182000000,8409227000000,8409228000000,8409240000000,400522000,8000,14000,4000000,12000
1791339074,676742800,44,1747767917,D,N,8409169000000,8409168000000,8409128000000,8409035000000,8409034000000,3388000,49000,8000,14000,1272000,8409170000000,8409182000000,8409227000000,8409228000000,8409240000000,400522000,8000,14000,4000000,12000
1791339074,778862200,45,1747767917,S,N,8409169000000,8409168000000,8409128000000,8409035000000,8409034000000,34554000,49000,8000,14000,1272000,8409170000000,8409182000000,8409227000000,8409228000000,8409240000000,425943000,8000,14000,4000000,12000
1791339074,779143500,46,1747767917,D,N,8409169000000,8409168000000,8409128000000,8409035000000,8409034000000,34554000,49000,8000,14000,1272000,8409170000000,8409182000000,8409227000000,8409228000000,8409240000000,425943000,8000,14000,4000000,12000
1791339074,874312500,47,1747767917,S,N,8409169000000,8409168000000,8409128000000,8409035000000,8409034000000,34554000,49000,8000,14000,1272000,8409170000000,8409182000000,8409227000000,8409228000000,8409240000000,425933000,8000,14000,4000000,12000
1791339074,874600600,48,1747767917,D,N,8409169000000,8409168000000,8409128000000,8409035000000,8409034000000,34554000,49000,8000,14000,1272000,8409170000000,8409182000000,8409227000000,8409228000000,8409240000000,425933000,8000,14000,4000000,12000
1791339075,10927700,49,1747767917,S,N,8408541000000,8408540000000,8408460000000,8408459000000,8408390000000,131826000,42000,66000,6000,6000,8408542000000,8408607000000,8408814000000,8408926000000,8408941000000,427258000,2908000,6000,8000,19670000
1791339075,12249900,50,1747767917,D,N,8408541000000,8408540000000,8408460000000,8408459000000,8408390000000,131826000,42000,66000,6000,6000,8408542000000,8408607000000,8408814000000,8408926000000,8408941000000,427258000,2908000,6000,8000,19670000
1791339075,86410200,51,1747767917,S,N,8408541000000,8408540000000,8408460000000,8408390000000,8408388000000,167414000,42000,66000,6000,12000,8408542000000,8408607000000,8408768000000,8408814000000,8408940000000,302941000,6000,8000,6000,14000
1791339075,86624700,52,1747767917,D,N,8408541000000,8408540000000,8408460000000,8408390000000,8408388000000,167414000,42000,66000,6000,12000,8408542000000,8408607000000,8408768000000,8408814000000,8408940000000,302941000,6000,8000,6000,14000
1791339075,175592000,53,1747767917,S,N,8408541000000,8408540000000,8408460000000,8408388000000,8408226000000,16328000,42000,66000,6000,6000,8408542000000,8408607000000,8408621000000,8408622000000,8408677000000,386394000,6000,1821000,2908000,1445000
1791339075,176646500,54,1747767917,D,N,8408541000000,8408540000000,8408460000000,8408388000000,8408226000000,16328000,42000,66000,6000,6000,8408542000000,8408607000000,8408621000000,8408622000000,8408677000000,386394000,6000,1821000,2908000,1445000
1791339075,304158300,55,1747767917,S,N,8407074000000,8407065000000,8406990000000,8406985000000,8406975000000,774726000,29752000,8000,9000,24000,8407075000000,8407110000000,8407186000000,8407536000000,8407796000000,38430000,6000,7000,6000,6000
1791339075,310266800,56,1747767917,D,N,8407074000000,8407065000000,8406990000000,8406985000000,8406975000000,774726000,29752000,8000,9000,24000,8407075000000,8407110000000,8407186000000,8407536000000,8407796000000,38430000,6000,7000,6000,6000
1791339075,373645300,57,1747767917,S,N,8407074000000,8407073000000,8407066000000,8407065000000,8407059000000,776708000,21000,14000,29758000,200000,8407075000000,8407110000000,8407186000000,8407209000000,8407210000000,115107000,6000,7000,14000,1694000
1791339075,373878400,58,1747767917,D,N,8407074000000,8407073000000,8407066000000,8407065000000,8407059000000,776708000,21000,14000,29758000,200000,8407075000000,8407110000000,8407186000000,8407209000000,8407210000000,115107000,6000,7000,14000,1694000
1791339075,473712900,59,1747767917,S,N,8407074000000,8407073000000,8407067000000,8407066000000,8407065000000,776695000,14000,14000,21964000,29758000,8407075000000,8407110000000,8407186000000,8407209000000,8407210000000,102318000,6000,7000,14000,1694000
1791339075,474065700,60,1747767917,D,N,8407074000000,8407073000000,8407067000000,8407066000000,8407065000000,776695000,14000,14000,21964000,29758000,8407075000000,8407110000000,8407186000000,8407209000000,8407210000000,102318000,6000,7000,14000,1694000
1791339075,585741700,61,1747767917,S,N,8406601000000,8406583000000,8406537000000,8406536000000,8406495000000,212000,8000,14000,6000,14000,8406602000000,8406673000000,8406685000000,8406701000000,8406707000000,23771000,30000000,21580000,30000000,83738000
1791339075,586264400,62,1747767917,D,N,8406601000000,8406583000000,8406537000000,8406536000000,8406495000000,212000,8000,14000,6000,14000,8406602000000,8406673000000,8406685000000,8406701000000,8406707000000,23771000,30000000,21580000,30000000,83738000
1791339075,678162600,63,1747767917,S,N,8405405000000,8405404000000,8405309000000,8405203000000,8405202000000,266984000,21000,9000,14000,32133000,8405406000000,8405694000000,8405815000000,8405832000000,8405922000000,38579000,6000,4000000,6000,25000
1791339075,679762500,64,1747767917,D,N,8405405000000,8405404000000,8405309000000,8405203000000,8405202000000,266984000,21000,9000,14000,32133000,8405406000000,8405694000000,8405815000000,8405832000000,8405922000000,38579000,6000,4000000,6000,25000
1791339075,777005300,65,1747767917,S,N,8405405000000,8405404000000,8405202000000,8405166000000,8405115000000,623615000,28000,32133000,7000,8101000,8405406000000,8405540000000,8405541000000,8405674000000,8405675000000,20242000,14000,1876000,14000,2258000
1791339075,778468900,66,1747767917,D,N,8405405000000,8405404000000,8405202000000,8405166000000,8405115000000,623615000,28000,32133000,7000,8101000,8405406000000,8405540000000,8405541000000,8405674000000,8405675000000,20242000,14000,1876000,14000,2258000
1791339075,879100400,67,1747767917,S,N,8405405000000,8405203000000,8405202000000,8405174000000,8405166000000,625664000,20070000,32133000,7000,7000,8405406000000,8405539000000,8405540000000,8405541000000,8405674000000,16596000,12000,14000,1876000,14000
1791339075,879736400,68,1747767917,D,N,8405405000000,8405203000000,8405202000000,8405174000000,8405166000000,625664000,20070000,32133000,7000,7000,8405406000000,8405539000000,8405540000000,8405541000000,8405674000000,16596000,12000,14000,1876000,14000
1791339075,977487300,69,1747767917,S,N,8405674000000,8405673000000,8405672000000,8405552000000,8405538000000,901657000,351908000,356918000,54908000,279343000,8405675000000,8405810000000,8405814000000,8405815000000,8405832000000,14910000,6000,14000,6000,6000
1791339075,978429200,70,1747767917,D,N,8405674000000,8405673000000,8405672000000,8405552000000,8405538000000,901657000,351908000,356918000,54908000,279343000,8405675000000,8405810000000,8405814000000,8405815000000,8405832000000,14910000,6000,14000,6000,6000
1791339076,73743300,71,1747767917,S,N,8405674000000,8405673000000,8405672000000,8405552000000,8405538000000,915951000,381694000,356918000,59551000,279343000,8405675000000,8405809000000,8405810000000,8405815000000,8405826000000,17092000,14000,1676000,6000,8000
1791339076,74510600,72,1747767917,D,N,8405674000000,8405673000000,8405672000000,8405552000000,8405538000000,915951000,381694000,356918000,59551000,279343000,8405675000000,8405809000000,8405810000000,8405815000000,8405826000000,17092000,14000,1676000,6000,8000
